Dist_um,Mean_I,Mean_I0,Mean_OD
0,127.314942528736,142.856572400663,0.0510413078967981
0.6,130.08275862069,143.01740433205,0.0416415359635279
1.2,134.418390804598,143.183625168967,0.0278362887399976
1.8,133.329885057471,143.354274132201,0.0318664644544007
2.4,126.052873563218,143.528470143508,0.0572472576058579
3,125.07816091954,143.705417980263,0.0610670126983544
3.6,127.720689655172,143.884409307401,0.0520833635566291
4.2,122.841379310345,144.064820499885,0.0700949222156463
4.8,120.810344827586,144.246108443158,0.0775448979288352
5.4,120.557471264368,144.427805086189,0.0789559331978526
6,119.722988505747,144.609511280535,0.0829042442794942
6.6,123.26091954023,144.790890289,0.0702298210928806
7.2,122.531034482759,144.971661245651,0.0733841468402125
7.8,119.688505747126,145.151592773491,0.0848325071733705
8.4,115.17816091954,145.33049690655,0.102167333633539
9,111.31724137931,145.50822341494,0.117000402117937
9.6,114.027586206897,145.684654592402,0.107479663452596
10.2,113.303448275862,145.859700534967,0.110487234355372
10.8,116.722988505747,146.033294915551,0.0980869555509236
11.4,113.316091954023,146.205391241827,0.112531139792421
12,109.388505747127,146.375959572562,0.127735919694024
12.6,110.340229885057,146.544983659813,0.124856651737772
13.2,113.850574712644,146.712458480054,0.111086695344732
13.8,112.03908045977,146.878388115624,0.119563488584877
14.4,109.12183908046,147.042783948077,0.130832710108447
15,106.358620689655,147.205663126584,0.141638716543959
15.6,113.275862068966,147.367047276898,0.115074208907211
16.2,115.42183908046,147.526961419257,0.107723338643138
16.8,109.027586206897,147.685433066699,0.133250589565803
17.4,104.744827586207,147.842491478316,0.150630553692972
18,108.255172413793,147.998167045014,0.136940743682354
18.6,106.441379310345,148.152490788105,0.14415566945591
19.2,104.944827586207,148.305493953637,0.151648455547263
19.8,105,148.457207687698,0.151168930781022
20.4,103.689655172414,148.60766277995,0.156933546731006
21,104.2,148.756889464502,0.155341458978503
21.6,104.868965517241,148.904917268758,0.152908207116652
22.2,99.551724137931,149.051774902312,0.176105270559862
22.8,101.827586206897,149.197490179076,0.167201394367141
23.4,98.9586206896552,149.342089966885,0.179141680483923
24,96.3517241379311,149.48560015968,0.191327453946993
24.6,97.3586206896552,149.628045668103,0.188850436249127
25.2,99.0413793103448,149.769450424983,0.180337239570036
25.8,100.186206896552,149.909837402724,0.17650809895162
26.4,93.8896551724138,150.04922864007,0.20428589566857
27,95.7931034482758,150.187645276099,0.196021273527026
27.6,94.6413793103448,150.325107589658,0.201769094560429
28.2,98.3586206896552,150.461635042707,0.185563221511282
28.8,92.6551724137931,150.597246326294,0.211563595117404
29.4,89.8551724137931,150.731959408102,0.225344022769502
30,98.7241379310345,150.865791580659,0.185248813687994
30.6,95.5379310344828,150.998759509476,0.199743785144889
31.2,96.9241379310345,151.130879280508,0.194374955181894
31.8,93.8413793103448,151.262166446416,0.209724392951324
32.4,98.0413793103448,151.392636071244,0.189498447404498
33,97.5712643678162,151.522302773178,0.194292306913174
33.6,97.0620689655172,151.651180765127,0.194749636932741
34.2,95.951724137931,151.779283892936,0.199850076682649
34.8,93.8206896551724,151.906625671084,0.210478355404065
35.4,90.6689655172414,152.033219315763,0.225989717051428
36,93.5793103448276,152.15907777527,0.211924858943127
36.6,94.5793103448276,152.284213757678,0.207815290346768
37.2,96.4689655172414,152.408639755765,0.199387644053519
37.8,94.0827586206896,152.53236806923,0.211297845836811
38.4,98.4827586206896,152.655410824192,0.192632543341244
39,94.9655172413793,152.777779990031,0.20871170890817
39.6,100.206896551724,152.899487393614,0.184779007059298
40.2,99.7586206896552,153.020544730956,0.186857189677104
40.8,98.8413793103449,153.140963576381,0.191405854126019
41.4,97.0689655172414,153.260755389248,0.200248986346444
42,92.6068965517241,153.379931518302,0.220370320859599
42.6,96.4068965517241,153.498503203722,0.202962032310368
43.2,96.7655172413793,153.616481576928,0.202503700181337
43.8,95.8758620689655,153.733877658215,0.206444536589232
44.4,95.8068965517242,153.850702352264,0.206268874144619
45,96.7310344827586,153.966966441603,0.202490752525664
45.6,92,154.08268057807,0.225246167050205
46.2,92.4275862068966,154.197855272318,0.22448591525975
46.8,91.9655172413793,154.312500881437,0.226200175817979
47.4,98.6137931034483,154.426627594711,0.195224749424543
48,99.6827586206897,154.540245417583,0.191609968075207
48.6,94.7448275862069,154.653364153855,0.213832666878995
49.2,92.2413793103449,154.765993386171,0.226687964869535
49.8,90.7172413793104,154.878142454842,0.23424270911469
50.4,89.8068965517241,154.989820435036,0.238315131205961
51,94.3793103448276,155.101036112415,0.21776105871032
51.6,93.8068965517242,155.211797957261,0.220197629590964
52.2,90.8551724137932,155.322114097171,0.233761878941459
52.8,93.5310344827586,155.431992288396,0.221351041520184
53.4,96.1655172413793,155.541439885925,0.210014922753543
54,93.2689655172414,155.650463812441,0.223024696554782
54.6,96.0965517241379,155.759070526271,0.210432677883886
55.2,94.4965517241379,155.86726598851,0.217912689264363
55.8,98.6206896551725,155.975055629519,0.199574542140542
56.4,104.344827586207,156.082444315027,0.176189084026326
57,102.186206896552,156.189436312124,0.184540843912608
57.6,99.4344827586207,156.296035255474,0.196929496644773
58.2,99.3379310344827,156.402244114129,0.197935844976682
58.8,98.4206896551724,156.508065159405,0.201964550089132
59.4,99.1862068965517,156.613499934339,0.199990196508212
60,103.034482758621,156.718549225329,0.183602646216365
60.6,104.750574712644,156.823213036679,0.176290656575077
61.2,102.206896551724,156.927490568837,0.186661530383677
61.8,104.324137931034,157.031380201288,0.178829649229703
62.4,107.779310344828,157.134879481164,0.164596929231759
63,109.724137931035,157.237985118834,0.157204323968837
63.6,107.579310344828,157.340692991899,0.165837496941853
64.2,104.965517241379,157.442998159273,0.176927012847064
64.8,103.558620689655,157.544894887249,0.182528032307337
65.4,108.475862068966,157.646376689788,0.163348753696835
66,109.310344827586,157.747436385559,0.160373293124996
66.6,111.268965517241,157.848066174685,0.152865050144586
67.2,114.186206896552,157.948257738515,0.1422992822938
67.8,112.980459770115,158.048002366254,0.147605928802327
68.4,111.909195402299,158.147291112694,0.151710152284895
69,113.6,158.246114991805,0.144857095964812
69.6,117.436781609195,158.344465211339,0.131166438888686
70.2,121.751724137931,158.442333453978,0.115003223522498
70.8,119.724137931034,158.53971221072,0.123042832291842
71.4,122.304597701149,158.636595172202,0.113670151963021
72,128.825287356322,158.732977683277,0.0912421159967356
72.6,130.548275862069,158.828857265413,0.085442846052638
73.2,131.27816091954,158.924234210135,0.0831038332783418
73.8,133.028735632184,159.019112244834,0.0778250613598496
74.4,131.609195402299,159.113499269601,0.0827636861056624
75,135.265517241379,159.207408160481,0.0711717038556389
75.6,135.445977011494,159.300857630622,0.0706356380065316
76.2,138.068965517241,159.393873136675,0.0625223546447224
76.8,134.098850574713,159.48648781372,0.0756513628746436
77.4,136.874712643678,159.578743418911,0.0671842032972054
78,140.027586206897,159.670691262731,0.0571488817778978
78.6,140.310344827586,159.762393108732,0.056635037999296
79.2,147.055172413793,159.853922029456,0.0368452990929051
79.8,143.720689655172,159.945363219983,0.0478030079140173
80.4,145.11724137931,160.036814793554,0.0432391044113102
81,146.586206896552,160.128388619158,0.0387749001550596
81.6,154.875862068966,160.220211313011,0.0156071277759753
82.2,151,160.312425571199,0.0267671921498603
82.8,148.4,160.405192140851,0.0341483234739332
83.4,157.137931034483,160.498692892039,0.0104284850967823
84,157.255172413793,160.593135706901,0.00949163221755958
84.6,153.496551724138,160.688762304075,0.0204844877225717
85.2,157.565517241379,160.785860756191,0.00942917393951727
85.8,157.337931034483,160.884785468892,0.0106501178654327
86.4,159.289655172414,160.985988949804,0.0051122696746928
87,159.206896551724,161.090072015014,0.00545773990466191
87.6,153.324137931035,161.197862359678,0.0227956572371427
88.2,157.786206896552,161.310535760625,0.0103981953311846
88.8,160.227586206897,161.429799421692,0.00366854932825002
89.4,163.806896551724,161.558162351844,-0.0057240713041389
90,159.903448275862,161.699320906273,0.0052349830528294
90.6,162.034482758621,161.858682149873,0.000505180646675453
91.2,159.634482758621,162.044014387546,0.0073941457686349
91.8,165.751724137931,162.26610069123,-0.00912840028612862
92.4,163.124137931034,162.538958260196,-0.000488106520217503
93,161.737931034483,162.878519920008,0.00348658380043797
93.6,164.689655172414,163.29805615711,-0.00241565287580088
94.2,155.158620689655,163.802033629309,0.0240678438930896
94.8,165.062068965517,164.403171538009,-0.00122401361760576
95.4,166.331034482759,162.784838653815,-0.00908292143949956
96,162.558620689655,163.238933885241,0.00261886052625763
96.6,160.48275862069,160.827769251683,0.0010191587465185
97.2,161.558620689655,163.065631993538,0.00407361549082125
97.8,163.165517241379,165.06505775506,0.00527310191475499
98.4,163.358620689655,163.424319151699,0.000163484092887837
99,166.531034482759,166.531034482759,-0
99.6,170.241379310345,170.241379310345,-0
100.2,167.51724137931,167.51724137931,-0
100.8,160.165517241379,160.165517241379,-0
101.4,160.862068965517,160.862068965517,-0
102,163.406896551724,163.406896551724,-0
