Dist_um,Line_01,Line_02,Line_03,Line_04,Line_05,Line_06,Line_07,Line_08,Line_09,Line_10,Line_11,Line_12,Line_13,Line_14,Line_15,Line_16,Line_17,Line_18,Line_19,Line_20,Mean,Std
0,0.230410784482956,0.230607628822327,0.230859339237213,0.231052950024605,0.231246560811996,0.231440186500549,0.231653168797493,0.231888726353645,0.232082366943359,0.23227596282959,0.232469588518143,0.232698693871498,0.232918128371239,0.23311173915863,0.233305364847183,0.233498975634575,0.233744233846664,0.233947515487671,0.234141141176224,0.234334766864777,0.232384391129017,0.00122287762853851
1.74,0.230349481105804,0.230604410171509,0.2307980209589,0.230991646647453,0.231185242533684,0.23139500617981,0.231633812189102,0.231827408075333,0.232021033763885,0.2322146743536,0.232440546154976,0.232663199305534,0.232856810092926,0.233050435781479,0.233244061470032,0.233486071228981,0.233692601323128,0.233886212110519,0.234079837799072,0.234273448586464,0.23233469799161,0.00121996017751985
3.47999999999999,0.230349481105804,0.230543106794357,0.230736702680588,0.230940014123917,0.231185242533684,0.231378868222237,0.231572508811951,0.231766104698181,0.231985539197922,0.2322146743536,0.232408285140991,0.232601881027222,0.232795506715775,0.233031079173088,0.233244061470032,0.233437672257423,0.233631283044815,0.233824908733368,0.234076604247093,0.234273448586464,0.232299848645926,0.00122287783633707
5.22,0.230288162827492,0.230481788516045,0.230681851506233,0.230930328369141,0.231123939156532,0.231317564845085,0.231511175632477,0.231727376580238,0.231959730386734,0.232153356075287,0.232346951961517,0.23254057765007,0.232772916555405,0.232989132404327,0.233182743191719,0.233376353979111,0.233569979667664,0.233818456530571,0.23401851952076,0.234212145209312,0.232250152528286,0.00122385058596074
6.96,0.23022685945034,0.230423703789711,0.230675399303436,0.230869024991989,0.23106262087822,0.231256261467934,0.231469228863716,0.23170480132103,0.231898412108421,0.232092037796974,0.232317924499512,0.23254057765007,0.232734203338623,0.232927799224854,0.233121424913406,0.233363449573517,0.233569979667664,0.233763605356216,0.233957216143608,0.234150826931,0.232206267863512,0.00122630390679445
8.7,0.23022685945034,0.230420470237732,0.230614095926285,0.230807706713676,0.231014221906662,0.231256261467934,0.231449872255325,0.231643497943878,0.231837093830109,0.23205977678299,0.232285648584366,0.232479274272919,0.232672899961472,0.232866495847702,0.233105286955833,0.233315050601959,0.233508661389351,0.233702287077904,0.233895897865295,0.234150826931,0.232165609300137,0.00121995921038522
10.44,0.222746774554253,0.23035916686058,0.230552777647972,0.23075607419014,0.231001317501068,0.231194943189621,0.229065150022507,0.224224731326103,0.227542042732239,0.232030719518661,0.232224345207214,0.232417941093445,0.232611566781998,0.227771148085594,0.225641340017319,0.225883364677429,0.232285648584366,0.233695834875107,0.233895897865295,0.234089508652687,0.22999951466918,0.00332258113943459
12.18,0.222685471177101,0.230301082134247,0.230552777647972,0.230746388435364,0.230939999222755,0.229197457432747,0.223969802260399,0.224163413047791,0.224357023835182,0.228064805269241,0.232163026928902,0.228097066283226,0.225192815065384,0.225428372621536,0.225641340017319,0.225834965705872,0.226028591394424,0.226222217082977,0.23344412446022,0.234028205275536,0.22785294726491,0.00337631090143297
13.92,0.222685471177101,0.230297848582268,0.230491459369659,0.230685085058212,0.230878695845604,0.229136139154434,0.223908483982086,0.224102079868317,0.224321529269218,0.224550664424896,0.224744260311127,0.22493788599968,0.225170224905014,0.225386440753937,0.225580036640167,0.22577366232872,0.225967273116112,0.22621576488018,0.226415812969208,0.226609438657761,0.226392912864685,0.00250907963464583
15.66,0.222624152898788,0.230236545205116,0.230430141091347,0.230633452534676,0.230878695845604,0.229120001196861,0.223866522312164,0.224102079868317,0.22429570555687,0.224489331245422,0.224682956933975,0.224912077188492,0.225131496787071,0.225325122475624,0.225518733263016,0.225760757923126,0.225967273116112,0.226160898804665,0.226354524493217,0.226548135280609,0.226351930201054,0.00251007582199431
17.4,0.222562849521637,0.222759693861008,0.223011389374733,0.224376395344734,0.230817392468452,0.231011003255844,0.231204614043236,0.228687584400177,0.224234402179718,0.224457085132599,0.224682956933975,0.224876582622528,0.225070178508759,0.225263804197311,0.225502595305443,0.225712344050407,0.22590596973896,0.226099595427513,0.226351290941238,0.226548135280609,0.225956793129444,0.00258687574635582
19.14,0.222562849521637,0.222756460309029,0.22295007109642,0.223143696784973,0.224899142980576,0.230965822935104,0.231204614043236,0.231398224830627,0.228493988513947,0.224428027868271,0.224621638655663,0.224815249443054,0.225047588348389,0.225263804197311,0.225457429885864,0.225651040673256,0.225844651460648,0.226093143224716,0.226293191313744,0.226486817002296,0.225918872654438,0.00267521916209967
20.88,0.222501531243324,0.222695156931877,0.222895219922066,0.223143696784973,0.223337307572365,0.225483238697052,0.231143310666084,0.231336921453476,0.228432655334473,0.224366724491119,0.224560335278511,0.224789440631866,0.225008875131607,0.22520250082016,0.225396111607552,0.225638136267662,0.225844651460648,0.2260382771492,0.226231902837753,0.226425498723984,0.225523574650288,0.00244099850826907
22.62,0.222440227866173,0.222637072205544,0.222888767719269,0.223082393407822,0.223275989294052,0.223485752940178,0.226047962903976,0.231298193335533,0.231530547142029,0.231724172830582,0.231917768716812,0.227851808071136,0.224947556853294,0.225141182541847,0.225379973649979,0.225589737296104,0.225783348083496,0.225976943969727,0.226228669285774,0.226425498723984,0.226182678341866,0.00314393233711465
24.36,0.22237890958786,0.222633838653564,0.223608374595642,0.230439826846123,0.230633437633514,0.228890895843506,0.223663240671158,0.223856836557388,0.227174162864685,0.23166286945343,0.231856465339661,0.232085585594177,0.227619469165802,0.225121825933456,0.225334793329239,0.225528419017792,0.225722029805183,0.22597049176693,0.226170569658279,0.226364195346832,0.226835811883211,0.0031192203428126
26.1,0.22237890958786,0.222572535276413,0.222766131162643,0.222969442605972,0.223214685916901,0.223408296704292,0.223601922392845,0.223818123340607,0.224050462245941,0.22775824368,0.231856465339661,0.232050091028214,0.227596879005432,0.225079864263535,0.225273489952087,0.225467100739479,0.225712358951569,0.225915640592575,0.226109266281128,0.218638867139816,0.225011938810349,0.00313094408983158
27.84,0.222317591309547,0.222514450550079,0.222766131162643,0.222959756851196,0.223153367638588,0.223346993327141,0.223559975624084,0.223795533180237,0.22398915886879,0.224182784557343,0.224408656358719,0.224631309509277,0.22482493519783,0.225018560886383,0.225257351994514,0.225467100739479,0.219206809997559,0.21819032728672,0.218383938074112,0.218638867139816,0.222830680012703,0.00234782753768628
29.58,0.222256287932396,0.2225112169981,0.222704827785492,0.222898453474045,0.223104953765869,0.223346993327141,0.223540604114532,0.223734229803085,0.223927855491638,0.224150508642197,0.224376395344734,0.224570021033287,0.219923198223114,0.217293232679367,0.217532023787498,0.217741787433624,0.217935398221016,0.218129023909569,0.218380719423294,0.218577563762665,0.221331764757633,0.00273947575261632
31.32,0.222256287932396,0.222449913620949,0.22264352440834,0.222846806049347,0.223092049360275,0.223285675048828,0.223479300737381,0.223695516586304,0.220675081014633,0.216425180435181,0.216651067137718,0.21684467792511,0.217077016830444,0.217293232679367,0.21748685836792,0.217680469155312,0.21792571246624,0.218129023909569,0.21832263469696,0.210729613900185,0.219449482113123,0.00343949721367795
33.06,0.214469656348228,0.214724600315094,0.214918196201324,0.215121492743492,0.21536673605442,0.215560376644135,0.215753972530365,0.215970173478127,0.216202512383461,0.216396152973175,0.216589763760567,0.216818869113922,0.217038303613663,0.217231914401054,0.217425540089607,0.211520209908485,0.210087448358536,0.210281059145927,0.21047468483448,0.210729613900185,0.214634063839912,0.00252497072499835
34.8,0.214469656348228,0.21466326713562,0.214863330125809,0.215111806988716,0.215305417776108,0.215499043464661,0.215712025761604,0.215947598218918,0.212862640619278,0.208548188209534,0.208774074912071,0.208996742963791,0.209190353751183,0.209383979439735,0.209622770547867,0.209832519292831,0.210026144981384,0.21027460694313,0.21047468483448,0.210668295621872,0.212011357396841,0.0028260875899639
36.54,0.206621706485748,0.206815332174301,0.20701539516449,0.207263872027397,0.207457482814789,0.20765109360218,0.207864075899124,0.208099633455276,0.204963058233261,0.200577616691589,0.200803518295288,0.201026171445847,0.201219782233238,0.20141339302063,0.201652199029922,0.201861947774887,0.20205557346344,0.202304035425186,0.202504113316536,0.202697724103928,0.204093386232853,0.00288543393825242
38.28,0.198651134967804,0.198844760656357,0.199877351522446,0.207202553749084,0.205731064081192,0.199680522084236,0.197434574365616,0.192342430353165,0.19581463932991,0.200545370578766,0.200771242380142,0.200964868068695,0.19627933204174,0.193626776337624,0.193820387125015,0.194013997912407,0.194259241223335,0.201429530978203,0.202442795038223,0.19491109251976,0.198432183265686,0.0040958100312459
40.02,0.190803185105324,0.190996810793877,0.192016527056694,0.19923198223114,0.197786301374435,0.19184872508049,0.192087516188622,0.192281126976013,0.192500561475754,0.19272968173027,0.192923292517662,0.193152397871017,0.188492685556412,0.185840129852295,0.186033755540848,0.186275780200958,0.186482295393944,0.186675906181335,0.186927616596222,0.187124460935593,0.190610536932945,0.00383599161946933
41.76,0.183016553521156,0.183210179209709,0.184223428368568,0.191384047269821,0.18995127081871,0.184062078595161,0.184300869703293,0.184494495391846,0.184713929891586,0.184943050146103,0.185136646032333,0.18536576628685,0.185585200786591,0.185778826475143,0.186017617583275,0.186227366328239,0.186420992016792,0.179867044091225,0.179324924945831,0.179521769285202,0.184677302837372,0.0029635110198373
43.5,0.182955235242844,0.183152079582214,0.183403789997101,0.183597400784492,0.183803930878639,0.184045940637589,0.181858077645302,0.176891803741455,0.177111238241196,0.177340358495712,0.177533954381943,0.177763074636459,0.1779825091362,0.178176134824753,0.178414925932884,0.178624674677849,0.17881828546524,0.179066762328148,0.179266825318336,0.171857759356499,0.179583238065243,0.00317125865828063
45.24,0.182893931865692,0.175549387931824,0.17580109834671,0.175994709134102,0.176201224327087,0.176443263888359,0.176636874675751,0.176853060722351,0.177085429430008,0.1772790402174,0.177504926919937,0.177727580070496,0.177921190857887,0.178156763315201,0.178369745612144,0.178563371300697,0.17240634560585,0.171409219503403,0.171602815389633,0.171857759356499,0.176312886923552,0.00277447846744953
46.98,0.17529122531414,0.175546169281006,0.175739780068398,0.175943076610565,0.176188319921494,0.176381945610046,0.174174696207047,0.169189065694809,0.169421404600143,0.169644087553024,0.169869959354401,0.170063570141792,0.170295923948288,0.17571397125721,0.178308442234993,0.172548323869705,0.171154275536537,0.17134790122509,0.171599596738815,0.171796441078186,0.173010908812284,0.00290643384209315
48.72,0.17529122531414,0.175484851002693,0.175684913992882,0.175933390855789,0.174526438117027,0.168717935681343,0.168930903077126,0.169166475534439,0.16938591003418,0.169615030288696,0.169808641076088,0.170037746429443,0.170257180929184,0.170450806617737,0.170689597725868,0.170899346470833,0.171092972159386,0.171341449022293,0.171541526913643,0.171735137701035,0.171529573947191,0.00244174585545516
50.46,0.167627215385437,0.16782084107399,0.168020904064178,0.168269366025925,0.168475911021233,0.168717935681343,0.168911546468735,0.169127747416496,0.169360101222992,0.169553726911545,0.169779598712921,0.17000225186348,0.170195877552032,0.164810091257095,0.162428602576256,0.162670627236366,0.162877157330513,0.163070753216743,0.171047776937485,0.171735137701035,0.16772515848279,0.00291312052910162
52.2,0.167565912008286,0.167762756347656,0.168014451861382,0.168217748403549,0.168462991714478,0.166510701179504,0.160695731639862,0.160889342427254,0.161108776926994,0.165229603648186,0.169747322797775,0.169940948486328,0.164984345436096,0.162173673510551,0.162412464618683,0.162622213363647,0.1628158390522,0.163064301013947,0.171047776937485,0.171673819422722,0.165747036039829,0.0035858638634274
53.94,0.159350097179413,0.167759537696838,0.167959585785866,0.168208077549934,0.166684940457344,0.160440802574158,0.160634413361549,0.160850614309311,0.161082953214645,0.161276578903198,0.161502465605736,0.161725133657455,0.161918744444847,0.162154316902161,0.162367284297943,0.162560909986496,0.162806153297424,0.163009449839592,0.163203060626984,0.163458004593849,0.162947656214237,0.002628438842906
55.68,0.1592887789011,0.159543707966805,0.159737333655357,0.159940630197525,0.160185873508453,0.160379499197006,0.160592466592789,0.160828024148941,0.161021649837494,0.161244317889214,0.161470204591751,0.161663815379143,0.157055735588074,0.154448360204697,0.154641970992088,0.154883995652199,0.161544412374496,0.16294814646244,0.163199827075005,0.163396686315536,0.159900771826506,0.00268084080017435
57.42,0.1592887789011,0.159482404589653,0.159682482481003,0.159930944442749,0.160124570131302,0.160334318876266,0.160573109984398,0.160766705870628,0.157759204506874,0.153551265597343,0.153744876384735,0.153973981738091,0.154193416237831,0.154387041926384,0.154625833034515,0.15483558177948,0.155029207468033,0.15527768433094,0.15547776222229,0.163396686315536,0.157321792840958,0.00308037589546032
59.16,0.159227460622787,0.159424319863319,0.159676015377045,0.159869626164436,0.160076141357422,0.160318166017532,0.160511791706085,0.160727992653847,0.157733380794525,0.153489947319031,0.153715834021568,0.153938502073288,0.15413211286068,0.154367685317993,0.160227835178375,0.162486687302589,0.162693217396736,0.156029567122459,0.155416429042816,0.163335382938385,0.158369904756546,0.00324522326624022
60.9,0.159166157245636,0.15942108631134,0.159614697098732,0.159818008542061,0.160063236951828,0.160256862640381,0.160469844937325,0.160705417394638,0.16089902818203,0.161121696233749,0.161347582936287,0.161576688289642,0.161796122789383,0.161989733576775,0.162228539586067,0.162438288331032,0.162631899118423,0.162880390882492,0.163080453872681,0.163274064660072,0.161238989979029,0.0012813601184501
62.64,0.159166157245636,0.159359768033028,0.159559831023216,0.159808322787285,0.160001918673515,0.160211682319641,0.160450488328934,0.160666674375534,0.16089902818203,0.161092638969421,0.16131854057312,0.161541193723679,0.16173480451107,0.161970376968384,0.162183344364166,0.162376970052719,0.162622228264809,0.162825524806976,0.163019135594368,0.163274064660072,0.16120413467288,0.00128038402606694
64.38,0.159104838967323,0.167514264583588,0.167714357376099,0.166675269603729,0.160001918673515,0.160195559263229,0.160408526659012,0.160644084215164,0.160837709903717,0.164923042058945,0.16947303712368,0.1696957051754,0.164739102125168,0.161928430199623,0.162122055888176,0.162364065647125,0.162570595741272,0.162764206528664,0.16301591694355,0.16321274638176,0.163495271652937,0.0032137608142318
66.12,0.167259350419044,0.167456209659576,0.167707890272141,0.167901515960693,0.16810804605484,0.168350070714951,0.168563038110733,0.168798595666885,0.168992221355438,0.169214889407158,0.169440776109695,0.169634386897087,0.169866725802422,0.170082926750183,0.170276552438736,0.170518577098846,0.170725092291832,0.170918717980385,0.17117041349411,0.171367257833481,0.169317662715912,0.00128134926561441
67.86,0.167198032140732,0.167452976107597,0.167646571993828,0.167849883437157,0.168095126748085,0.168304890394211,0.168543681502342,0.168737292289734,0.168956726789474,0.172787129878998,0.176982149481773,0.17721126973629,0.172628998756409,0.170021623373032,0.170260429382324,0.170470178127289,0.17066378891468,0.170912265777588,0.171112343668938,0.171305954456329,0.170357065647841,0.00283950785438201
69.6,0.174800738692284,0.174997583031654,0.17524927854538,0.175442904233932,0.175649404525757,0.17589145898819,0.17608505487442,0.176301270723343,0.176533609628677,0.17672723531723,0.176953107118607,0.177175760269165,0.177369385957718,0.177604958415031,0.172215953469276,0.170408844947815,0.170654118061066,0.170857399702072,0.171109110116959,0.171305954456329,0.174666656553745,0.00253510961890819
71.34,0.18228080868721,0.182535737752914,0.182729348540306,0.182932659983635,0.183177888393402,0.183371514081955,0.18358451128006,0.183820068836212,0.184013694524765,0.184236347675323,0.1844622194767,0.184655845165253,0.180125206708908,0.177563011646271,0.177756622433662,0.177998647093773,0.17820517718792,0.178453654050827,0.178653717041016,0.178847327828407,0.181470200419426,0.00264327317890227
73.08,0.190006136894226,0.190199747681618,0.190399825572968,0.190648287534714,0.190841898322105,0.191051661968231,0.191290467977524,0.191484063863754,0.191703498363495,0.188273251056671,0.184400916099548,0.184630036354065,0.184849470853806,0.185043081641197,0.185281872749329,0.185491621494293,0.185685247182846,0.185933724045753,0.186133787035942,0.186327412724495,0.187983800470829,0.0027942008016981
74.82,0.197731450200081,0.197986394166946,0.198179990053177,0.19837361574173,0.198580145835876,0.198822155594826,0.199015766382217,0.196363210678101,0.191677689552307,0.19187131524086,0.192097187042236,0.192319855093956,0.192513465881348,0.192749038338661,0.192962020635605,0.193155631422997,0.193400889635086,0.186692044138908,0.186072483658791,0.19405272603035,0.194230853766203,0.00383110622514954
76.56,0.205640718340874,0.205834329128265,0.206034392118454,0.206282868981361,0.206476479768753,0.20668625831604,0.204427361488342,0.19920939207077,0.199403017759323,0.199625670909882,0.199851557612419,0.200045183300972,0.195359647274017,0.192707091569901,0.192900717258453,0.193142727017403,0.193349257111549,0.193542867898941,0.193794563412666,0.193991422653198,0.199415276199579,0.00550112039281952
78.3,0.213366031646729,0.213620960712433,0.212994933128357,0.20622156560421,0.206428080797195,0.206670120358467,0.206863731145859,0.204143404960632,0.199367523193359,0.199596643447876,0.199790254235268,0.200019359588623,0.200238794088364,0.200432404875755,0.200671210885048,0.200880959630013,0.201074570417404,0.201323047280312,0.2015231102705,0.201716735959053,0.203847172111273,0.00479079224525541
80.04,0.213366031646729,0.213559657335281,0.213753268122673,0.213956564664841,0.214201807975769,0.212346315383911,0.206821769475937,0.204143404960632,0.199341714382172,0.199535340070724,0.199761211872101,0.199983865022659,0.200177475810051,0.200413048267365,0.200626030564308,0.2008196413517,0.201064884662628,0.201268181204796,0.20146182179451,0.201655432581902,0.204912873357534,0.00603126022940247
81.78,0.213304728269577,0.213498339056969,0.213698402047157,0.213946878910065,0.214140504598618,0.212301135063171,0.206802412867546,0.206996023654938,0.203859448432922,0.199503064155579,0.199728935956955,0.199922561645508,0.200154885649681,0.200371086597443,0.200564712285995,0.200806736946106,0.201013267040253,0.208283588290215,0.20930977165699,0.209564685821533,0.206388558447361,0.00578451094332624
83.52,0.213243409991264,0.213440254330635,0.21369194984436,0.213885575532913,0.21409210562706,0.214334115386009,0.212068796157837,0.206934705376625,0.203823938965797,0.199474006891251,0.199667617678642,0.199896737933159,0.205111488699913,0.208219051361084,0.208457842469215,0.208667606115341,0.208861202001572,0.209054827690125,0.209306538105011,0.209503367543221,0.208586756885052,0.00487884174618739
85.26,0.220907419919968,0.220697686076164,0.213630631566048,0.213833943009377,0.214079186320305,0.214272797107697,0.212007492780685,0.206895992159843,0.207128345966339,0.207321956753731,0.207547843456268,0.207770496606827,0.20796412229538,0.208199679851532,0.208412662148476,0.208606272935867,0.208851531147957,0.209054827690125,0.209248438477516,0.209442064166069,0.210793669521809,0.00422146599966061
87,0.220846101641655,0.221042945981026,0.221294641494751,0.220278158783913,0.214017868041992,0.214227631688118,0.214466422796249,0.211791276931763,0.207067012786865,0.207289695739746,0.207515567541122,0.207709193229675,0.207941517233849,0.208157733082771,0.208351358771324,0.208593368530273,0.20879989862442,0.208993524312973,0.209187135100365,0.209442064166069,0.211850655823946,0.00515338836477723
